ntw	slice	metrics	min	max	mean	p25	p50	p75
"US02"	"us02_19092014.xlsx"	"In-Degree"	0	294	4.3207354	0	1	2
"US02"	"us02_19092014.xlsx"	"Out-Degree"	0	176	4.3207354	0	1	2
"US02"	"us02_19092014.xlsx"	"Closeness"	0	0	0	0	0	0
"US02"	"us02_19092014.xlsx"	"Betweenness"	0	118942.84	896.1922	0	0	0
"US02"	"us02_19092014.xlsx"	"Eigenvalue"	0	.19221028	.02050575	.00526984	.01198403	.02975703
"US02"	"us02_12092014.xlsx"	"In-Degree"	0	295	4.3870314	0	1	2
"US02"	"us02_12092014.xlsx"	"Out-Degree"	0	176	4.3870314	0	1	2
"US02"	"us02_12092014.xlsx"	"Closeness"	0	0	0	0	0	0
"US02"	"us02_12092014.xlsx"	"Betweenness"	0	116702.05	931.98436	0	0	0
"US02"	"us02_12092014.xlsx"	"Eigenvalue"	0	.18385367	.02043404	.00522704	.01220628	.02916177
"US02"	"us02_05092014.xlsx"	"In-Degree"	0	298	4.3832154	0	1	2
"US02"	"us02_05092014.xlsx"	"Out-Degree"	0	175	4.3832154	0	1	2
"US02"	"us02_05092014.xlsx"	"Closeness"	0	0	0	0	0	0
"US02"	"us02_05092014.xlsx"	"Betweenness"	0	115342.66	930.33373	0	0	0
"US02"	"us02_05092014.xlsx"	"Eigenvalue"	-.19051862	0	-.02034818	-.0292089	-.01151308	-.00487712
"US01"	"us01_1.xlsx"	"In-Degree"	0	3526	33.695911	5	13	28
"US01"	"us01_1.xlsx"	"Out-Degree"	0	3854	33.695911	5	13	28
"US01"	"us01_1.xlsx"	"Closeness"	0	0	0	0	0	0
"US01"	"us01_1.xlsx"	"Betweenness"	0	6061413.3	11183.092	.36744875	17.468982	181.54711
"US01"	"us01_1.xlsx"	"Eigenvalue"	-.18033685	0	-.00701127	-.00855948	-.0044047	-.00123779
"UK01"	"uk01_201009.xlsx"	"In-Degree"	0	110	5.3913043	1	1	4
"UK01"	"uk01_201009.xlsx"	"Out-Degree"	0	143	5.3913043	1	1	4
"UK01"	"uk01_201009.xlsx"	"Closeness"	0	0	0	0	0	0
"UK01"	"uk01_201009.xlsx"	"Betweenness"	0	17423.632	277.90079	0	0	0
"UK01"	"uk01_201009.xlsx"	"Eigenvalue"	0	.26692159	.02712781	0	.00899627	.02726998
"UK01"	"uk01_201008.xlsx"	"In-Degree"	0	110	5.6072508	1	2	4
"UK01"	"uk01_201008.xlsx"	"Out-Degree"	0	145	5.6072508	1	2	4
"UK01"	"uk01_201008.xlsx"	"Closeness"	0	0	0	0	0	0
"UK01"	"uk01_201008.xlsx"	"Betweenness"	0	16878.188	272.85779	0	0	0
"UK01"	"uk01_201008.xlsx"	"Eigenvalue"	0	.26576298	.02785813	0	.00906817	.0275308
"UK01"	"uk01_201007.xlsx"	"In-Degree"	0	115	5.5825826	1	2	4
"UK01"	"uk01_201007.xlsx"	"Out-Degree"	0	144	5.5825826	1	2	4
"UK01"	"uk01_201007.xlsx"	"Closeness"	0	0	0	0	0	0
"UK01"	"uk01_201007.xlsx"	"Betweenness"	0	18133.693	279.75772	0	0	0
"UK01"	"uk01_201007.xlsx"	"Eigenvalue"	0	.26524066	.02794786	0	.00901789	.02748663
"UK01"	"uk01_201006.xlsx"	"In-Degree"	0	112	5.5119048	1	2	4
"UK01"	"uk01_201006.xlsx"	"Out-Degree"	0	146	5.5119048	1	2	4
"UK01"	"uk01_201006.xlsx"	"Closeness"	0	0	0	0	0	0
"UK01"	"uk01_201006.xlsx"	"Betweenness"	0	18122.216	275.29219	0	0	0
"UK01"	"uk01_201006.xlsx"	"Eigenvalue"	0	.26669222	.02727803	0	.00896129	.02730353
"NL01"	"t39.xlsx"	"In-Degree"	0	56	2.5283019	0	1	3
"NL01"	"t39.xlsx"	"Out-Degree"	0	41	2.5283019	0	1	3
"NL01"	"t39.xlsx"	"Closeness"	0	0	0	0	0	0
"NL01"	"t39.xlsx"	"Betweenness"	0	4128.1751	107.90645	0	0	3.3054113
"NL01"	"t39.xlsx"	"Eigenvalue"	0	.40554873	.04395935	0	.02466497	.05180132
"NL01"	"t38.xlsx"	"In-Degree"	0	76	3.6226415	0	1	4
"NL01"	"t38.xlsx"	"Out-Degree"	0	56	3.6226415	0	1	4
"NL01"	"t38.xlsx"	"Closeness"	0	0	0	0	0	0
"NL01"	"t38.xlsx"	"Betweenness"	0	6358.1623	151.08917	0	0	7.6852555
"NL01"	"t38.xlsx"	"Eigenvalue"	-.40904188	0	-.04927975	-.06329593	-.0285976	-.00754793
"NL01"	"t37.xlsx"	"In-Degree"	0	65	3.5220126	0	1	3
"NL01"	"t37.xlsx"	"Out-Degree"	0	61	3.5220126	0	1	3
"NL01"	"t37.xlsx"	"Closeness"	0	0	0	0	0	0
"NL01"	"t37.xlsx"	"Betweenness"	0	6697.6462	155.4574	0	0	4.6624951
"NL01"	"t37.xlsx"	"Eigenvalue"	0	.37924989	.04801995	.00389455	.02276758	.06568152
"NL01"	"t36.xlsx"	"In-Degree"	0	65	3.5471698	0	1	4
"NL01"	"t36.xlsx"	"Out-Degree"	0	65	3.5471698	0	1	4
"NL01"	"t36.xlsx"	"Closeness"	0	0	0	0	0	0
"NL01"	"t36.xlsx"	"Betweenness"	0	7913.1597	165.55164	0	0	4.3786213
"NL01"	"t36.xlsx"	"Eigenvalue"	-.38585013	0	-.04871925	-.06392207	-.02825951	-.00728717
"NL01"	"t35.xlsx"	"In-Degree"	0	65	3.836478	0	1	4
"NL01"	"t35.xlsx"	"Out-Degree"	0	70	3.836478	0	1	4
"NL01"	"t35.xlsx"	"Closeness"	0	0	0	0	0	0
"NL01"	"t35.xlsx"	"Betweenness"	0	9922.1853	185.95832	0	0	9.0518551
"NL01"	"t35.xlsx"	"Eigenvalue"	-.412742	0	-.04909803	-.06575777	-.0259251	-.01076444
"NL01"	"t34.xlsx"	"In-Degree"	0	58	3.5157233	0	1	3.75
"NL01"	"t34.xlsx"	"Out-Degree"	0	65	3.5157233	0	1	3.75
"NL01"	"t34.xlsx"	"Closeness"	0	0	0	0	0	0
"NL01"	"t34.xlsx"	"Betweenness"	0	8938.7755	173.33587	0	0	15.221325
"NL01"	"t34.xlsx"	"Eigenvalue"	-.41802065	0	-.04835446	-.06885815	-.0288537	-.00195226
"NL01"	"t33.xlsx"	"In-Degree"	0	61	3.5786164	0	1	4
"NL01"	"t33.xlsx"	"Out-Degree"	0	68	3.5786164	0	1	4
"NL01"	"t33.xlsx"	"Closeness"	0	0	0	0	0	0
"NL01"	"t33.xlsx"	"Betweenness"	0	7699.5811	157.67527	0	0	8.0294607
"NL01"	"t33.xlsx"	"Eigenvalue"	0	.43418416	.04760327	0	.02017085	.06814636
"NL01"	"t32.xlsx"	"In-Degree"	0	63	3.591195	.25	1	4
"NL01"	"t32.xlsx"	"Out-Degree"	0	75	3.591195	.25	1	4
"NL01"	"t32.xlsx"	"Closeness"	0	0	0	0	0	0
"NL01"	"t32.xlsx"	"Betweenness"	0	10717.901	192.0874	0	0	11.975592
"NL01"	"t32.xlsx"	"Eigenvalue"	-.44775033	0	-.04696132	-.0657335	-.02369486	0
"NL01"	"t31.xlsx"	"In-Degree"	0	48	3.2641509	1	1	3
"NL01"	"t31.xlsx"	"Out-Degree"	0	70	3.2641509	1	1	3
"NL01"	"t31.xlsx"	"Closeness"	0	0	0	0	0	0
"NL01"	"t31.xlsx"	"Betweenness"	0	9155.0226	170.27386	0	0	8.3310998
"NL01"	"t31.xlsx"	"Eigenvalue"	0	.4628511	.04449185	0	.0208195	.06249036
"NL01"	"t30.xlsx"	"In-Degree"	0	54	3.3396226	0	1	3
"NL01"	"t30.xlsx"	"Out-Degree"	0	67	3.3396226	0	1	3
"NL01"	"t30.xlsx"	"Closeness"	0	0	0	0	0	0
"NL01"	"t30.xlsx"	"Betweenness"	0	6992.3037	143.00006	0	0	8.7643941
"NL01"	"t30.xlsx"	"Eigenvalue"	0	.41535384	.04567726	0	.02112173	.05961694
"MX09"	"mx09_140630.xlsx"	"In-Degree"	0	18	7.0232558	0	0	16
"MX09"	"mx09_140630.xlsx"	"Out-Degree"	0	21	7.0232558	0	0	16
"MX09"	"mx09_140630.xlsx"	"Closeness"	0	0	0	0	0	0
"MX09"	"mx09_140630.xlsx"	"Betweenness"	0	6.5058913	.35983442	0	0	0
"MX09"	"mx09_140630.xlsx"	"Eigenvalue"	-.27409888	0	-.09790145	-.2428019	0	0
"MX09"	"mx09_130628.xlsx"	"In-Degree"	0	34	16.348837	7	16	26
"MX09"	"mx09_130628.xlsx"	"Out-Degree"	0	39	16.348837	7	16	26
"MX09"	"mx09_130628.xlsx"	"Closeness"	0	0	0	0	0	0
"MX09"	"mx09_130628.xlsx"	"Betweenness"	0	149.02962	10.31274	0	.37435897	7.3652396
"MX09"	"mx09_130628.xlsx"	"Eigenvalue"	0	.23664949	.12920237	.05631313	.13904936	.20410852
"MX09"	"mx09_081031.xlsx"	"In-Degree"	0	26	9.8837209	2.25	9	18
"MX09"	"mx09_081031.xlsx"	"Out-Degree"	0	34	9.8837209	2.25	9	18
"MX09"	"mx09_081031.xlsx"	"Closeness"	0	0	0	0	0	0
"MX09"	"mx09_081031.xlsx"	"Betweenness"	0	173.19012	14.55131	0	0	9.297114
"MX09"	"mx09_081031.xlsx"	"Eigenvalue"	-.27355451	0	-.11219831	-.20724402	-.13101706	0
"MX08"	"mx08_140630.xlsx"	"In-Degree"	0	16	3.4651163	0	0	7.75
"MX08"	"mx08_140630.xlsx"	"Out-Degree"	0	17	3.4651163	0	0	7.75
"MX08"	"mx08_140630.xlsx"	"Closeness"	0	0	0	0	0	0
"MX08"	"mx08_140630.xlsx"	"Betweenness"	0	68.606349	5.7535068	0	0	1.2065476
"MX08"	"mx08_140630.xlsx"	"Eigenvalue"	-.36877606	0	-.08888207	-.15867011	0	0
"MX08"	"mx08_130628.xlsx"	"In-Degree"	0	17	6.1395349	2	5	8.75
"MX08"	"mx08_130628.xlsx"	"Out-Degree"	0	24	6.1395349	2	5	8.75
"MX08"	"mx08_130628.xlsx"	"Closeness"	0	0	0	0	0	0
"MX08"	"mx08_130628.xlsx"	"Betweenness"	0	271.4488	36.202754	0	6.8397759	52.736527
"MX08"	"mx08_130628.xlsx"	"Eigenvalue"	0	.3256162	.11010203	.01937279	.08126791	.17588199
"MX08"	"mx08_081031.xlsx"	"In-Degree"	0	19	6.4186047	1	4	11
"MX08"	"mx08_081031.xlsx"	"Out-Degree"	0	22	6.4186047	1	4	11
"MX08"	"mx08_081031.xlsx"	"Closeness"	0	0	0	0	0	0
"MX08"	"mx08_081031.xlsx"	"Betweenness"	0	215.65303	27.876574	0	4.6088106	26.961521
"MX08"	"mx08_081031.xlsx"	"Eigenvalue"	-.32709272	0	-.11275542	-.19381843	-.09654559	-.01626116
"MX07"	"mx07_140630.xlsx"	"In-Degree"	0	40	18.604651	10	19	28
"MX07"	"mx07_140630.xlsx"	"Out-Degree"	0	41	18.604651	10	19	28
"MX07"	"mx07_140630.xlsx"	"Closeness"	0	0	0	0	0	0
"MX07"	"mx07_140630.xlsx"	"Betweenness"	0	155.89328	16.935566	0	.41694139	9.8607191
"MX07"	"mx07_140630.xlsx"	"Eigenvalue"	0	.24294676	.13554049	.06973335	.14577976	.19711787
"MX07"	"mx07_130628.xlsx"	"In-Degree"	0	40	18.837209	9	19	29.5
"MX07"	"mx07_130628.xlsx"	"Out-Degree"	0	39	18.837209	9	19	29.5
"MX07"	"mx07_130628.xlsx"	"Closeness"	0	0	0	0	0	0
"MX07"	"mx07_130628.xlsx"	"Betweenness"	0	127.83979	10.361121	.01315789	1.0057572	9.861684
"MX07"	"mx07_130628.xlsx"	"Eigenvalue"	-.2334408	0	-.13751982	-.19677433	-.14835836	-.08473662
"MX07"	"mx07_081031.xlsx"	"In-Degree"	0	38	13.790698	4.25	12	22.5
"MX07"	"mx07_081031.xlsx"	"Out-Degree"	0	35	13.790698	4.25	12	22.5
"MX07"	"mx07_081031.xlsx"	"Closeness"	0	0	0	0	0	0
"MX07"	"mx07_081031.xlsx"	"Betweenness"	0	277.62186	18.210387	0	.34090909	12.624019
"MX07"	"mx07_081031.xlsx"	"Eigenvalue"	0	.26502835	.13089801	.07426244	.11904907	.1918158
"MX06"	"mx06_140630.xlsx"	"In-Degree"	0	17	1.2093023	0	0	1
"MX06"	"mx06_140630.xlsx"	"Out-Degree"	0	4	1.2093023	0	0	1
"MX06"	"mx06_140630.xlsx"	"Closeness"	0	0	0	0	0	0
"MX06"	"mx06_140630.xlsx"	"Betweenness"	0	83	5.4108527	0	0	0
"MX06"	"mx06_140630.xlsx"	"Eigenvalue"	0	.421185	.11197877	0	.08839456	.15438017
"MX06"	"mx06_130628.xlsx"	"In-Degree"	0	12	1.3023256	0	0	2
"MX06"	"mx06_130628.xlsx"	"Out-Degree"	0	5	1.3023256	0	0	2
"MX06"	"mx06_130628.xlsx"	"Closeness"	0	0	0	0	0	0
"MX06"	"mx06_130628.xlsx"	"Betweenness"	0	208	13.139535	0	0	13.75
"MX06"	"mx06_130628.xlsx"	"Eigenvalue"	-.3826254	0	-.10476835	-.19015194	-.09623673	0
"MX06"	"mx06_081031.xlsx"	"In-Degree"	0	12	1.2093023	0	0	1
"MX06"	"mx06_081031.xlsx"	"Out-Degree"	0	4	1.2093023	0	0	1
"MX06"	"mx06_081031.xlsx"	"Closeness"	0	0	0	0	0	0
"MX06"	"mx06_081031.xlsx"	"Betweenness"	0	84.5	5.5813953	0	0	0
"MX06"	"mx06_081031.xlsx"	"Eigenvalue"	-.29172035	0	-.10336444	-.18029309	-.11142726	0
"MX05"	"mx05_140630.xlsx"	"In-Degree"	0	10	1.627907	0	0	2
"MX05"	"mx05_140630.xlsx"	"Out-Degree"	0	8	1.627907	0	0	2
"MX05"	"mx05_140630.xlsx"	"Closeness"	0	0	0	0	0	0
"MX05"	"mx05_140630.xlsx"	"Betweenness"	0	133.25	15.003876	0	0	9.9583333
"MX05"	"mx05_140630.xlsx"	"Eigenvalue"	0	.49645242	.10075361	0	.07307777	.17430436
"MX05"	"mx05_130628.xlsx"	"In-Degree"	0	15	4.2093023	1	3	6
"MX05"	"mx05_130628.xlsx"	"Out-Degree"	0	15	4.2093023	1	3	6
"MX05"	"mx05_130628.xlsx"	"Closeness"	0	0	0	0	0	0
"MX05"	"mx05_130628.xlsx"	"Betweenness"	0	280.25505	33.833092	0	3.5538462	44.091561
"MX05"	"mx05_130628.xlsx"	"Eigenvalue"	-.3673244	0	-.10499437	-.18617693	-.06078047	0
"MX05"	"mx05_081031.xlsx"	"In-Degree"	0	15	3.5813953	0	1	7
"MX05"	"mx05_081031.xlsx"	"Out-Degree"	0	16	3.5813953	0	1	7
"MX05"	"mx05_081031.xlsx"	"Closeness"	0	0	0	0	0	0
"MX05"	"mx05_081031.xlsx"	"Betweenness"	0	107.25	9.3534175	0	0	4.3794643
"MX05"	"mx05_081031.xlsx"	"Eigenvalue"	-.35622054	0	-.09568156	-.1827169	-.02464645	0
"MX04"	"mx04_140630.xlsx"	"In-Degree"	0	15	2.3023256	0	0	4
"MX04"	"mx04_140630.xlsx"	"Out-Degree"	0	13	2.3023256	0	0	4
"MX04"	"mx04_140630.xlsx"	"Closeness"	0	0	0	0	0	0
"MX04"	"mx04_140630.xlsx"	"Betweenness"	0	19.666667	2.3100775	0	0	0
"MX04"	"mx04_140630.xlsx"	"Eigenvalue"	0	.57735027	.04028025	0	5.915e-26	5.761e-10
"MX04"	"mx04_130628.xlsx"	"In-Degree"	0	15	2.5348837	0	0	4.75
"MX04"	"mx04_130628.xlsx"	"Out-Degree"	0	15	2.5348837	0	0	4.75
"MX04"	"mx04_130628.xlsx"	"Closeness"	0	0	0	0	0	0
"MX04"	"mx04_130628.xlsx"	"Betweenness"	0	158	13.604651	0	0	0
"MX04"	"mx04_130628.xlsx"	"Eigenvalue"	0	.55051066	.08297624	0	.01418683	.12842458
"MX04"	"mx04_081031.xlsx"	"In-Degree"	0	6	1.0697674	0	0	2
"MX04"	"mx04_081031.xlsx"	"Out-Degree"	0	8	1.0697674	0	0	2
"MX04"	"mx04_081031.xlsx"	"Closeness"	0	0	0	0	0	0
"MX04"	"mx04_081031.xlsx"	"Betweenness"	0	24.5	1.8255814	0	0	0
"MX04"	"mx04_081031.xlsx"	"Eigenvalue"	-.50014474	5.447e-17	-.06881837	-.07293777	0	0
"MX03"	"mx03_140630.xlsx"	"In-Degree"	0	19	3	0	1	5
"MX03"	"mx03_140630.xlsx"	"Out-Degree"	0	11	3	0	1	5
"MX03"	"mx03_140630.xlsx"	"Closeness"	0	0	0	0	0	0
"MX03"	"mx03_140630.xlsx"	"Betweenness"	0	204.56429	23.580574	0	.66666667	20.441991
"MX03"	"mx03_140630.xlsx"	"Eigenvalue"	0	.45495247	.09052926	.00059917	.02883722	.12209337
"MX03"	"mx03_130628.xlsx"	"In-Degree"	0	14	3.1395349	0	3	5
"MX03"	"mx03_130628.xlsx"	"Out-Degree"	0	12	3.1395349	0	3	5
"MX03"	"mx03_130628.xlsx"	"Closeness"	0	0	0	0	0	0
"MX03"	"mx03_130628.xlsx"	"Betweenness"	0	227.45714	29.265288	0	3.5	37.562446
"MX03"	"mx03_130628.xlsx"	"Eigenvalue"	0	.44346216	.09416556	0	.03610126	.14598658
"MX03"	"mx03_081031.xlsx"	"In-Degree"	0	15	2.744186	0	1	5.75
"MX03"	"mx03_081031.xlsx"	"Out-Degree"	0	9	2.744186	0	1	5.75
"MX03"	"mx03_081031.xlsx"	"Closeness"	0	0	0	0	0	0
"MX03"	"mx03_081031.xlsx"	"Betweenness"	0	136.8848	20.023847	0	0	35.106456
"MX03"	"mx03_081031.xlsx"	"Eigenvalue"	0	.39810895	.08977619	0	.03057908	.13815598
"MX02"	"mx02_140630.xlsx"	"In-Degree"	0	12	1.7209302	0	0	2
"MX02"	"mx02_140630.xlsx"	"Out-Degree"	0	8	1.7209302	0	0	2
"MX02"	"mx02_140630.xlsx"	"Closeness"	0	0	0	0	0	0
"MX02"	"mx02_140630.xlsx"	"Betweenness"	0	126.9	14.305426	0	0	9.525
"MX02"	"mx02_140630.xlsx"	"Eigenvalue"	-.46913419	0	-.10075772	-.17285481	-.08792146	0
"MX02"	"mx02_130628.xlsx"	"In-Degree"	0	18	1.4883721	0	0	2
"MX02"	"mx02_130628.xlsx"	"Out-Degree"	0	5	1.4883721	0	0	2
"MX02"	"mx02_130628.xlsx"	"Closeness"	0	0	0	0	0	0
"MX02"	"mx02_130628.xlsx"	"Betweenness"	0	158	13.709302	0	0	1.5
"MX02"	"mx02_130628.xlsx"	"Eigenvalue"	0	.52881227	.08854163	0	.03340712	.15917442
"MX02"	"mx02_081031.xlsx"	"In-Degree"	0	6	1.1395349	0	0	2
"MX02"	"mx02_081031.xlsx"	"Out-Degree"	0	8	1.1395349	0	0	2
"MX02"	"mx02_081031.xlsx"	"Closeness"	0	0	0	0	0	0
"MX02"	"mx02_081031.xlsx"	"Betweenness"	0	60.666667	3.6317829	0	0	0
"MX02"	"mx02_081031.xlsx"	"Eigenvalue"	-.62842017	0	-.0642368	0	0	0
"MX01"	"mx01_140630.xlsx"	"In-Degree"	0	29	9.7674419	2.25	10	14.75
"MX01"	"mx01_140630.xlsx"	"Out-Degree"	0	22	9.7674419	2.25	10	14.75
"MX01"	"mx01_140630.xlsx"	"Closeness"	0	0	0	0	0	0
"MX01"	"mx01_140630.xlsx"	"Betweenness"	0	238.84552	24.993353	.02777778	6.7356042	27.260326
"MX01"	"mx01_140630.xlsx"	"Eigenvalue"	-.2769342	0	-.12937387	-.19897576	-.13250454	-.05604482
"MX01"	"mx01_130628.xlsx"	"In-Degree"	0	28	10.139535	4	10	14.75
"MX01"	"mx01_130628.xlsx"	"Out-Degree"	0	24	10.139535	4	10	14.75
"MX01"	"mx01_130628.xlsx"	"Closeness"	0	0	0	0	0	0
"MX01"	"mx01_130628.xlsx"	"Betweenness"	0	184.83946	22.619179	.49642857	7.4607504	26.623277
"MX01"	"mx01_130628.xlsx"	"Eigenvalue"	-.29561154	0	-.12876747	-.1882056	-.13531893	-.07152809
"MX01"	"mx01_081031.xlsx"	"In-Degree"	0	26	8.5813953	1	8	13
"MX01"	"mx01_081031.xlsx"	"Out-Degree"	0	23	8.5813953	1	8	13
"MX01"	"mx01_081031.xlsx"	"Closeness"	0	0	0	0	0	0
"MX01"	"mx01_081031.xlsx"	"Betweenness"	0	155.35012	25.433857	0	2.747619	33.844913
"MX01"	"mx01_081031.xlsx"	"Eigenvalue"	0	.30506987	.1226968	.02412183	.12691115	.20290821
"KR01"	"kr01.xlsx"	"In-Degree"	9	17	14.611111	14	15	16
"KR01"	"kr01.xlsx"	"Out-Degree"	5	17	14.611111	14	15	16
"KR01"	"kr01.xlsx"	"Closeness"	.18966965	.91485115	.63745768	.56556552	.68040431	.76392576
"KR01"	"kr01.xlsx"	"Betweenness"	0	4.4122988	.49344421	0	.05555556	.36363636
"KR01"	"kr01.xlsx"	"Eigenvalue"	-.26220692	-.08024456	-.23179771	-.25716404	-.245639	-.21949117
"IT01"	"it01_122013.xlsx"	"In-Degree"	0	349	5.5955882	1	1	2
"IT01"	"it01_122013.xlsx"	"Out-Degree"	0	308	5.5955882	1	1	2
"IT01"	"it01_122013.xlsx"	"Closeness"	0	0	0	0	0	0
"IT01"	"it01_122013.xlsx"	"Betweenness"	0	272984.47	1104.8008	0	0	28.095506
"IT01"	"it01_122013.xlsx"	"Eigenvalue"	0	.51056535	.03166579	.02161859	.03039479	.03675422
"IT01"	"it01_092014.xlsx"	"In-Degree"	0	341	6.0150943	1	1	3
"IT01"	"it01_092014.xlsx"	"Out-Degree"	0	308	6.0150943	1	1	3
"IT01"	"it01_092014.xlsx"	"Closeness"	0	0	0	0	0	0
"IT01"	"it01_092014.xlsx"	"Betweenness"	0	267591.86	1098.3716	0	0	24.269237
"IT01"	"it01_092014.xlsx"	"Eigenvalue"	0	.50763576	.03228438	.02229645	.03050656	.03817508
"IT01"	"it01_082014.xlsx"	"In-Degree"	0	341	5.9318182	1	1	2
"IT01"	"it01_082014.xlsx"	"Out-Degree"	0	310	5.9318182	1	1	2
"IT01"	"it01_082014.xlsx"	"Closeness"	0	0	0	0	0	0
"IT01"	"it01_082014.xlsx"	"Betweenness"	0	320652.63	1197.4363	0	0	30.834935
"IT01"	"it01_082014.xlsx"	"Eigenvalue"	-.52401427	0	-.03229039	-.03832929	-.03045973	-.0232503
"IT01"	"it01_072014.xlsx"	"In-Degree"	0	334	5.8595825	1	1	2
"IT01"	"it01_072014.xlsx"	"Out-Degree"	0	316	5.8595825	1	1	2
"IT01"	"it01_072014.xlsx"	"Closeness"	0	0	0	0	0	0
"IT01"	"it01_072014.xlsx"	"Betweenness"	0	266222.56	1077.7796	0	0	29.205206
"IT01"	"it01_072014.xlsx"	"Eigenvalue"	-.55024567	0	-.03210267	-.03845662	-.03148698	-.0220119
"IT01"	"it01_062014.xlsx"	"In-Degree"	0	335	5.8314607	1	1	2
"IT01"	"it01_062014.xlsx"	"Out-Degree"	0	247	5.8314607	1	1	2
"IT01"	"it01_062014.xlsx"	"Closeness"	0	0	0	0	0	0
"IT01"	"it01_062014.xlsx"	"Betweenness"	0	278632.24	1506.9058	0	1.4242119	42.180356
"IT01"	"it01_062014.xlsx"	"Eigenvalue"	-.33473633	0	-.03078821	-.03571956	-.02338452	-.01548388
"IT01"	"it01_052014.xlsx"	"In-Degree"	0	336	5.7734082	1	1	2
"IT01"	"it01_052014.xlsx"	"Out-Degree"	0	315	5.7734082	1	1	2
"IT01"	"it01_052014.xlsx"	"Closeness"	0	0	0	0	0	0
"IT01"	"it01_052014.xlsx"	"Betweenness"	0	305207.5	1130.4685	0	0	32.991843
"IT01"	"it01_052014.xlsx"	"Eigenvalue"	-.54855294	0	-.03185535	-.03765945	-.03216177	-.02008867
"IT01"	"it01_042014.xlsx"	"In-Degree"	0	342	5.835514	1	1	2
"IT01"	"it01_042014.xlsx"	"Out-Degree"	0	310	5.835514	1	1	2
"IT01"	"it01_042014.xlsx"	"Closeness"	0	0	0	0	0	0
"IT01"	"it01_042014.xlsx"	"Betweenness"	0	260058.72	1153.5914	0	0	29.355891
"IT01"	"it01_042014.xlsx"	"Eigenvalue"	0	.51214274	.03213394	.0218069	.03090926	.03807305
"IT01"	"it01_032014.xlsx"	"In-Degree"	0	348	5.7620818	1	1	2
"IT01"	"it01_032014.xlsx"	"Out-Degree"	0	305	5.7620818	1	1	2
"IT01"	"it01_032014.xlsx"	"Closeness"	0	0	0	0	0	0
"IT01"	"it01_032014.xlsx"	"Betweenness"	0	263816.2	1100.7314	0	0	30.452017
"IT01"	"it01_032014.xlsx"	"Eigenvalue"	0	.49443867	.03186593	.02181333	.03027953	.03721252
"IT01"	"it01_022014.xlsx"	"In-Degree"	0	343	6.7060998	1	2	3
"IT01"	"it01_022014.xlsx"	"Out-Degree"	0	295	6.7060998	1	2	3
"IT01"	"it01_022014.xlsx"	"Closeness"	0	0	0	0	0	0
"IT01"	"it01_022014.xlsx"	"Betweenness"	0	223787.86	2047.6189	0	.25	37.903717
"IT01"	"it01_022014.xlsx"	"Eigenvalue"	0	.46164584	.02474909	.00421359	.01587931	.03373201
"IT01"	"it01_012014.xlsx"	"In-Degree"	0	339	5.7116451	1	1	2
"IT01"	"it01_012014.xlsx"	"Out-Degree"	0	311	5.7116451	1	1	2
"IT01"	"it01_012014.xlsx"	"Closeness"	0	0	0	0	0	0
"IT01"	"it01_012014.xlsx"	"Betweenness"	0	251197.53	1114.1957	0	0	28.642464
"IT01"	"it01_012014.xlsx"	"Eigenvalue"	0	.52619116	.03155617	.02093231	.03058756	.03747237
"HU02"	"huswap10_042008.xlsx"	"In-Degree"	0	40	3.4866667	1	1	3
"HU02"	"huswap10_042008.xlsx"	"Out-Degree"	0	45	3.4866667	1	1	3
"HU02"	"huswap10_042008.xlsx"	"Closeness"	0	0	0	0	0	0
"HU02"	"huswap10_042008.xlsx"	"Betweenness"	0	5312.529	174.72387	0	0	3.4771167
"HU02"	"huswap10_042008.xlsx"	"Eigenvalue"	0	.34789155	.04787174	.01392969	.02495269	.0472463
"HU02"	"huswap09_032008.xlsx"	"In-Degree"	0	52	3.7290323	1	1	3.75
"HU02"	"huswap09_032008.xlsx"	"Out-Degree"	0	51	3.7290323	1	1	3.75
"HU02"	"huswap09_032008.xlsx"	"Closeness"	0	0	0	0	0	0
"HU02"	"huswap09_032008.xlsx"	"Betweenness"	0	5358.01	161.00302	0	0	0
"HU02"	"huswap09_032008.xlsx"	"Eigenvalue"	-4.774e-39	.31650322	.04464947	.01220919	.02066702	.04057494
"HU02"	"huswap08_022008.xlsx"	"In-Degree"	0	42	3.8266667	1	1	4
"HU02"	"huswap08_022008.xlsx"	"Out-Degree"	0	53	3.8266667	1	1	4
"HU02"	"huswap08_022008.xlsx"	"Closeness"	0	0	0	0	0	0
"HU02"	"huswap08_022008.xlsx"	"Betweenness"	0	4547.4966	155.78412	0	0	0
"HU02"	"huswap08_022008.xlsx"	"Eigenvalue"	-4.512e-34	.33632536	.04553378	.01532709	.02195665	.04242987
"HU02"	"huswap07_012008.xlsx"	"In-Degree"	0	40	3.6202532	1	1	3
"HU02"	"huswap07_012008.xlsx"	"Out-Degree"	0	50	3.6202532	1	1	3
"HU02"	"huswap07_012008.xlsx"	"Closeness"	0	0	0	0	0	0
"HU02"	"huswap07_012008.xlsx"	"Betweenness"	0	4460.5308	158.30502	0	0	0
"HU02"	"huswap07_012008.xlsx"	"Eigenvalue"	-.32382616	0	-.04319564	-.03907166	-.02308056	0
"HU02"	"huswap06_122007.xlsx"	"In-Degree"	0	41	3.4545455	1	1	3
"HU02"	"huswap06_122007.xlsx"	"Out-Degree"	0	52	3.4545455	1	1	3
"HU02"	"huswap06_122007.xlsx"	"Closeness"	0	0	0	0	0	0
"HU02"	"huswap06_122007.xlsx"	"Betweenness"	0	4777.1416	152.10601	0	0	.875
"HU02"	"huswap06_122007.xlsx"	"Eigenvalue"	-.40963548	1.355e-29	-.04618634	-.05438747	-.02090228	0
"HU02"	"huswap05_112007.xlsx"	"In-Degree"	0	38	3.4407895	1	1	3
"HU02"	"huswap05_112007.xlsx"	"Out-Degree"	0	53	3.4407895	1	1	3
"HU02"	"huswap05_112007.xlsx"	"Closeness"	0	0	0	0	0	0
"HU02"	"huswap05_112007.xlsx"	"Betweenness"	0	5384.926	146.87917	0	0	0
"HU02"	"huswap05_112007.xlsx"	"Eigenvalue"	0	.3834572	.04537194	0	.02395747	.04892706
"HU02"	"huswap04_102007.xlsx"	"In-Degree"	0	42	3.4109589	1	1	4
"HU02"	"huswap04_102007.xlsx"	"Out-Degree"	0	53	3.4109589	1	1	4
"HU02"	"huswap04_102007.xlsx"	"Closeness"	0	0	0	0	0	0
"HU02"	"huswap04_102007.xlsx"	"Betweenness"	0	5186.5291	148.87177	0	0	0
"HU02"	"huswap04_102007.xlsx"	"Eigenvalue"	0	.411461	.04656396	0	.02343149	.04312089
"HU02"	"huswap03_092007.xlsx"	"In-Degree"	0	42	3.2137931	1	1	3
"HU02"	"huswap03_092007.xlsx"	"Out-Degree"	0	41	3.2137931	1	1	3
"HU02"	"huswap03_092007.xlsx"	"Closeness"	0	0	0	0	0	0
"HU02"	"huswap03_092007.xlsx"	"Betweenness"	0	4666.2393	146.09296	0	0	0
"HU02"	"huswap03_092007.xlsx"	"Eigenvalue"	0	.31086161	.04764522	.01140244	.02718861	.04676318
"HU02"	"huswap02_082007.xlsx"	"In-Degree"	0	45	3.9795918	1	1	4
"HU02"	"huswap02_082007.xlsx"	"Out-Degree"	0	51	3.9795918	1	1	4
"HU02"	"huswap02_082007.xlsx"	"Closeness"	0	0	0	0	0	0
"HU02"	"huswap02_082007.xlsx"	"Betweenness"	0	4861.1897	162.87946	0	0	.97708333
"HU02"	"huswap02_082007.xlsx"	"Eigenvalue"	0	.32671805	.04770119	.01388834	.02398802	.04902762
"HU02"	"huswap01_072007.xlsx"	"In-Degree"	0	47	3.7285714	1	1	4
"HU02"	"huswap01_072007.xlsx"	"Out-Degree"	0	48	3.7285714	1	1	4
"HU02"	"huswap01_072007.xlsx"	"Closeness"	0	0	0	0	0	0
"HU02"	"huswap01_072007.xlsx"	"Betweenness"	0	4855.0322	163.49927	0	0	3.5052054
"HU02"	"huswap01_072007.xlsx"	"Eigenvalue"	-.37756937	0	-.04839163	-.04794287	-.02434462	-.01412597
"HU01"	"hu12_062008.xlsx"	"In-Degree"	0	22	6.2571429	1	3	9.75
"HU01"	"hu12_062008.xlsx"	"Out-Degree"	0	15	6.2571429	1	3	9.75
"HU01"	"hu12_062008.xlsx"	"Closeness"	0	0	0	0	0	0
"HU01"	"hu12_062008.xlsx"	"Betweenness"	0	214.39921	25.030261	0	2.85	41.339683
"HU01"	"hu12_062008.xlsx"	"Eigenvalue"	0	.34592025	.13034088	.02973408	.11053184	.19516261
"HU01"	"hu11_052008.xlsx"	"In-Degree"	0	21	6.2857143	1	4	10.75
"HU01"	"hu11_052008.xlsx"	"Out-Degree"	0	16	6.2857143	1	4	10.75
"HU01"	"hu11_052008.xlsx"	"Closeness"	0	0	0	0	0	0
"HU01"	"hu11_052008.xlsx"	"Betweenness"	0	158.48019	20.81009	0	1.0583333	25.207639
"HU01"	"hu11_052008.xlsx"	"Eigenvalue"	-.32744646	0	-.13463215	-.22123293	-.142707	-.03172502
"HU01"	"hu10_042008.xlsx"	"In-Degree"	0	22	7.6571429	1	4	12.75
"HU01"	"hu10_042008.xlsx"	"Out-Degree"	0	18	7.6571429	1	4	12.75
"HU01"	"hu10_042008.xlsx"	"Closeness"	0	0	0	0	0	0
"HU01"	"hu10_042008.xlsx"	"Betweenness"	0	160.85411	22.077807	0	4.7277778	36.145824
"HU01"	"hu10_042008.xlsx"	"Eigenvalue"	0	.28327073	.13771289	.02882891	.14861085	.22490398
"HU01"	"hu09_032008.xlsx"	"In-Degree"	0	23	7.6571429	.25	5	14.75
"HU01"	"hu09_032008.xlsx"	"Out-Degree"	0	19	7.6571429	.25	5	14.75
"HU01"	"hu09_032008.xlsx"	"Closeness"	0	0	0	0	0	0
"HU01"	"hu09_032008.xlsx"	"Betweenness"	0	169.38908	19.659625	0	2.5686869	30.035926
"HU01"	"hu09_032008.xlsx"	"Eigenvalue"	-.29655111	0	-.14203245	-.22174897	-.15469147	-.05211809
"HU01"	"hu08_022008.xlsx"	"In-Degree"	0	24	7.6857143	1	4	12.75
"HU01"	"hu08_022008.xlsx"	"Out-Degree"	0	16	7.6857143	1	4	12.75
"HU01"	"hu08_022008.xlsx"	"Closeness"	0	0	0	0	0	0
"HU01"	"hu08_022008.xlsx"	"Betweenness"	0	203.90647	24.040792	0	3.375	26.011981
"HU01"	"hu08_022008.xlsx"	"Eigenvalue"	0	.28795953	.14405472	.05443966	.15233887	.21088971
"HU01"	"hu07_012008.xlsx"	"In-Degree"	0	25	8.0857143	1	6	15
"HU01"	"hu07_012008.xlsx"	"Out-Degree"	0	18	8.0857143	1	6	15
"HU01"	"hu07_012008.xlsx"	"Closeness"	0	0	0	0	0	0
"HU01"	"hu07_012008.xlsx"	"Betweenness"	0	152.91662	21.30467	0	3.9690476	27.366426
"HU01"	"hu07_012008.xlsx"	"Eigenvalue"	0	.30502424	.14419155	.07735294	.14016652	.22433849
"HU01"	"hu06_122007.xlsx"	"In-Degree"	0	26	7.5	0	6	13
"HU01"	"hu06_122007.xlsx"	"Out-Degree"	0	19	7.5	0	6	13
"HU01"	"hu06_122007.xlsx"	"Closeness"	0	0	0	0	0	0
"HU01"	"hu06_122007.xlsx"	"Betweenness"	0	135.01279	23.31488	0	1.5756313	25.125505
"HU01"	"hu06_122007.xlsx"	"Eigenvalue"	-.31909075	0	-.13479319	-.20849196	-.15163005	-.04329886
"HU01"	"hu05_112007.xlsx"	"In-Degree"	0	25	7.2162162	.75	4	12.5
"HU01"	"hu05_112007.xlsx"	"Out-Degree"	0	14	7.2162162	.75	4	12.5
"HU01"	"hu05_112007.xlsx"	"Closeness"	0	0	0	0	0	0
"HU01"	"hu05_112007.xlsx"	"Betweenness"	0	110.02513	20.658609	0	5.2333333	33.456375
"HU01"	"hu05_112007.xlsx"	"Eigenvalue"	0	.28180448	.13694935	.05705748	.13318448	.22132736
"HU01"	"hu04_102007.xlsx"	"In-Degree"	0	25	8.4864865	0	3	17.5
"HU01"	"hu04_102007.xlsx"	"Out-Degree"	0	17	8.4864865	0	3	17.5
"HU01"	"hu04_102007.xlsx"	"Closeness"	0	0	0	0	0	0
"HU01"	"hu04_102007.xlsx"	"Betweenness"	0	144.16754	21.77387	0	1.0206349	28.226894
"HU01"	"hu04_102007.xlsx"	"Eigenvalue"	-.29014739	0	-.13959343	-.22091294	-.13936598	-.06979947
"HU01"	"hu03_092007.xlsx"	"In-Degree"	0	23	8	0	5	17
"HU01"	"hu03_092007.xlsx"	"Out-Degree"	0	17	8	0	5	17
"HU01"	"hu03_092007.xlsx"	"Closeness"	0	0	0	0	0	0
"HU01"	"hu03_092007.xlsx"	"Betweenness"	0	190.90765	19.914554	0	2.7190476	36.239672
"HU01"	"hu03_092007.xlsx"	"Eigenvalue"	-.30031523	0	-.13849927	-.21094689	-.12965863	-.06240782
"HU01"	"hu02_082007.xlsx"	"In-Degree"	0	26	8.3513514	0	5	17.25
"HU01"	"hu02_082007.xlsx"	"Out-Degree"	0	16	8.3513514	0	5	17.25
"HU01"	"hu02_082007.xlsx"	"Closeness"	0	0	0	0	0	0
"HU01"	"hu02_082007.xlsx"	"Betweenness"	0	102.02144	13.656362	0	3.2150794	15.028409
"HU01"	"hu02_082007.xlsx"	"Eigenvalue"	-.26533296	0	-.14142905	-.21568685	-.16070138	-.05694838
"HU01"	"hu01_072007.xlsx"	"In-Degree"	0	22	9.0606061	0	10	16.25
"HU01"	"hu01_072007.xlsx"	"Out-Degree"	0	17	9.0606061	0	10	16.25
"HU01"	"hu01_072007.xlsx"	"Closeness"	0	0	0	0	0	0
"HU01"	"hu01_072007.xlsx"	"Betweenness"	0	130.22573	14.64689	0	2.9166667	22.128576
"HU01"	"hu01_072007.xlsx"	"Eigenvalue"	0	.28439339	.15094613	.09069852	.13987659	.24307075
"EU01"	"eu01_2015q4.xlsx"	"In-Degree"	0	16	8.0384615	4	8	13
"EU01"	"eu01_2015q4.xlsx"	"Out-Degree"	0	19	8.0384615	4	8	13
"EU01"	"eu01_2015q4.xlsx"	"Closeness"	0	0	0	0	0	0
"EU01"	"eu01_2015q4.xlsx"	"Betweenness"	0	27.790873	4.6494811	0	.62559524	3.7301587
"EU01"	"eu01_2015q4.xlsx"	"Eigenvalue"	0	.33276671	.15104835	0	.20196368	.26886015
"EU01"	"eu01_2015q3.xlsx"	"In-Degree"	0	15	7.5384615	4	8	12
"EU01"	"eu01_2015q3.xlsx"	"Out-Degree"	0	18	7.5384615	4	8	12
"EU01"	"eu01_2015q3.xlsx"	"Closeness"	0	0	0	0	0	0
"EU01"	"eu01_2015q3.xlsx"	"Betweenness"	0	47.261508	5.2334249	0	.08333333	2.790873
"EU01"	"eu01_2015q3.xlsx"	"Eigenvalue"	0	.33481984	.14874605	0	.16822998	.268762
"EU01"	"eu01_2015q2.xlsx"	"In-Degree"	0	16	7.6923077	3	8	13
"EU01"	"eu01_2015q2.xlsx"	"Out-Degree"	0	19	7.6923077	3	8	13
"EU01"	"eu01_2015q2.xlsx"	"Closeness"	0	0	0	0	0	0
"EU01"	"eu01_2015q2.xlsx"	"Betweenness"	0	43.95119	7.5236229	0	.97281746	9.4150794
"EU01"	"eu01_2015q2.xlsx"	"Eigenvalue"	0	.35419145	.1492066	0	.15914517	.27675784
"EU01"	"eu01_2015q1.xlsx"	"In-Degree"	0	15	7.8076923	4	7.5	11
"EU01"	"eu01_2015q1.xlsx"	"Out-Degree"	0	20	7.8076923	4	7.5	11
"EU01"	"eu01_2015q1.xlsx"	"Closeness"	0	0	0	0	0	0
"EU01"	"eu01_2015q1.xlsx"	"Betweenness"	0	38.350806	6.086226	0	.64166667	4.8435574
"EU01"	"eu01_2015q1.xlsx"	"Eigenvalue"	0	.33917339	.14558609	0	.17919185	.27828728
"EU01"	"eu01_2014q4.xlsx"	"In-Degree"	0	16	8.0384615	4	8	12
"EU01"	"eu01_2014q4.xlsx"	"Out-Degree"	0	20	8.0384615	4	8	12
"EU01"	"eu01_2014q4.xlsx"	"Closeness"	0	0	0	0	0	0
"EU01"	"eu01_2014q4.xlsx"	"Betweenness"	0	64.329167	5.540556	0	.08333333	4.0287698
"EU01"	"eu01_2014q4.xlsx"	"Eigenvalue"	0	.31765391	.14687204	0	.18292286	.28262754
"EU01"	"eu01_2014q3.xlsx"	"In-Degree"	0	16	7.5769231	2	7.5	12
"EU01"	"eu01_2014q3.xlsx"	"Out-Degree"	0	18	7.5769231	2	7.5	12
"EU01"	"eu01_2014q3.xlsx"	"Closeness"	0	0	0	0	0	0
"EU01"	"eu01_2014q3.xlsx"	"Betweenness"	0	59.150794	5.8754168	0	.44365079	6.1873016
"EU01"	"eu01_2014q3.xlsx"	"Eigenvalue"	-.33296079	0	-.14778925	-.27231374	-.17897319	0
"EU01"	"eu01_2014q2.xlsx"	"In-Degree"	0	16	7.1538462	2	7	11
"EU01"	"eu01_2014q2.xlsx"	"Out-Degree"	0	20	7.1538462	2	7	11
"EU01"	"eu01_2014q2.xlsx"	"Closeness"	0	0	0	0	0	0
"EU01"	"eu01_2014q2.xlsx"	"Betweenness"	0	60.12619	8.6888944	0	.44642857	6.5035714
"EU01"	"eu01_2014q2.xlsx"	"Eigenvalue"	-.40661687	0	-.14512045	-.26281831	-.16567274	0
"EU01"	"eu01_2014q1.xlsx"	"In-Degree"	0	17	7.4230769	3	8	12
"EU01"	"eu01_2014q1.xlsx"	"Out-Degree"	0	19	7.4230769	3	8	12
"EU01"	"eu01_2014q1.xlsx"	"Closeness"	0	0	0	0	0	0
"EU01"	"eu01_2014q1.xlsx"	"Betweenness"	0	75.25	8.7370116	0	1.3019841	4.4666667
"EU01"	"eu01_2014q1.xlsx"	"Eigenvalue"	0	.34455811	.14914478	.00342179	.18057166	.27734564
"EU01"	"eu01_2013q4.xlsx"	"In-Degree"	0	17	7.1538462	2	7.5	10
"EU01"	"eu01_2013q4.xlsx"	"Out-Degree"	0	19	7.1538462	2	7.5	10
"EU01"	"eu01_2013q4.xlsx"	"Closeness"	0	0	0	0	0	0
"EU01"	"eu01_2013q4.xlsx"	"Betweenness"	0	85.592857	8.8193223	0	1.2714286	8.0666667
"EU01"	"eu01_2013q4.xlsx"	"Eigenvalue"	-.34001235	0	-.14767729	-.2467337	-.1604363	0
"DK02"	"dk02_01012013.xlsx"	"In-Degree"	0	4	1.5	1	1	2
"DK02"	"dk02_01012013.xlsx"	"Out-Degree"	0	9	1.5	1	1	2
"DK02"	"dk02_01012013.xlsx"	"Closeness"	0	3.080e-11	2.567e-12	0	0	0
"DK02"	"dk02_01012013.xlsx"	"Betweenness"	0	33.5	6.25	0	0	9.75
"DK02"	"dk02_01012013.xlsx"	"Eigenvalue"	-.56481833	0	-.19386941	-.36947105	-.1207799	0
"DK01"	"dk01_01012013.xlsx"	"In-Degree"	0	12	5.5	3	6	8
"DK01"	"dk01_01012013.xlsx"	"Out-Degree"	3	9	5.5	3	6	8
"DK01"	"dk01_01012013.xlsx"	"Closeness"	0	0	0	0	0	0
"DK01"	"dk01_01012013.xlsx"	"Betweenness"	0	15.316667	4.0037415	0	.95	6.1428571
"DK01"	"dk01_01012013.xlsx"	"Eigenvalue"	.15872991	.37111529	.2585622	.20345767	.25231947	.31222173
"DE01"	"de01_201512.xlsx"	"In-Degree"			20.186495	2	4	9
"DE01"	"de01_201512.xlsx"	"Out-Degree"			20.186495	2	4	9
"DE01"	"de01_201512.xlsx"	"Closeness"			0	0	0	0
"DE01"	"de01_201512.xlsx"	"Betweenness"			1148.3703	0	.26088045	3.4522171
"DE01"	"de01_201512.xlsx"	"Eigenvalue"			.03292993	.02136832	.03092577	.03982755
"DE01"	"de01_201509.xlsx"	"In-Degree"			20.414754	2	4	9
"DE01"	"de01_201509.xlsx"	"Out-Degree"			20.414754	2	4	9
"DE01"	"de01_201509.xlsx"	"Closeness"			0	0	0	0
"DE01"	"de01_201509.xlsx"	"Betweenness"			1110.7631	0	.32069158	4.3422236
"DE01"	"de01_201509.xlsx"	"Eigenvalue"			.03329078	.0220609	.03138844	.04016678
"DE01"	"de01_201506.xlsx"	"In-Degree"			20.677686	2	4	9
"DE01"	"de01_201506.xlsx"	"Out-Degree"			20.677686	2	4	9
"DE01"	"de01_201506.xlsx"	"Closeness"			0	0	0	0
"DE01"	"de01_201506.xlsx"	"Betweenness"			1066.8665	0	.28782786	3.8517294
"DE01"	"de01_201506.xlsx"	"Eigenvalue"			-.03348112	-.03992321	-.03154835	-.02171861
"DE01"	"de01_201503.xlsx"	"In-Degree"			20.076923	2	4	9
"DE01"	"de01_201503.xlsx"	"Out-Degree"			20.076923	2	4	9
"DE01"	"de01_201503.xlsx"	"Closeness"			0	0	0	0
"DE01"	"de01_201503.xlsx"	"Betweenness"			1037.4283	0	.26041869	3.6885515
"DE01"	"de01_201503.xlsx"	"Eigenvalue"			.03374093	.02220031	.03170597	.0399377
"DE01"	"de01_201412.xlsx"	"In-Degree"			18.986644	2	4	9
"DE01"	"de01_201412.xlsx"	"Out-Degree"			18.986644	2	4	9
"DE01"	"de01_201412.xlsx"	"Closeness"			0	0	0	0
"DE01"	"de01_201412.xlsx"	"Betweenness"			1124.3788	0	.17483974	3.606294
"DE01"	"de01_201412.xlsx"	"Eigenvalue"			-.0336351	-.03947391	-.03125905	-.02261892
"DE01"	"de01_201409.xlsx"	"In-Degree"			19.308348	2	4	9
"DE01"	"de01_201409.xlsx"	"Out-Degree"			19.308348	2	4	9
"DE01"	"de01_201409.xlsx"	"Closeness"			0	0	0	0
"DE01"	"de01_201409.xlsx"	"Betweenness"			1028.7382	0	.19679876	3.7059741
"DE01"	"de01_201409.xlsx"	"Eigenvalue"			-.0340141	-.03992672	-.03173779	-.02264825
"DE01"	"de01_201406.xlsx"	"In-Degree"			19.011945	2	4	9
"DE01"	"de01_201406.xlsx"	"Out-Degree"			19.011945	2	4	9
"DE01"	"de01_201406.xlsx"	"Closeness"			0	0	0	0
"DE01"	"de01_201406.xlsx"	"Betweenness"			1036.7308	0	.14262821	3.5065268
"DE01"	"de01_201406.xlsx"	"Eigenvalue"			-.03414184	-.0402129	-.03143962	-.02318637
"DE01"	"de01_201403.xlsx"	"In-Degree"			19.242685	2	4	9
"DE01"	"de01_201403.xlsx"	"Out-Degree"			19.242685	2	4	9
"DE01"	"de01_201403.xlsx"	"Closeness"			7.170e-14	0	0	0
"DE01"	"de01_201403.xlsx"	"Betweenness"			1027.3916	0	.14358974	3.3537285
"DE01"	"de01_201403.xlsx"	"Eigenvalue"			-.03415766	-.03974803	-.0319017	-.02313927
"DE01"	"de01_201312.xlsx"	"In-Degree"			18.910959	2	4	9
"DE01"	"de01_201312.xlsx"	"Out-Degree"			18.910959	2	4	9
"DE01"	"de01_201312.xlsx"	"Closeness"			0	0	0	0
"DE01"	"de01_201312.xlsx"	"Betweenness"			1018.4645	0	.15633484	3.2817233
"DE01"	"de01_201312.xlsx"	"Eigenvalue"			-.03400425	-.03948595	-.03169613	-.02311042
"DE01"	"de01_201309.xlsx"	"In-Degree"			19.439655	2	4	9.5
"DE01"	"de01_201309.xlsx"	"Out-Degree"			19.439655	2	4	9.5
"DE01"	"de01_201309.xlsx"	"Closeness"			0	0	0	0
"DE01"	"de01_201309.xlsx"	"Betweenness"			954.03512	0	.17996566	3.0393153
"DE01"	"de01_201309.xlsx"	"Eigenvalue"			-.03411274	-.03939957	-.03173131	-.02320381
"DE01"	"de01_201306.xlsx"	"In-Degree"			19.386207	2	4	9
"DE01"	"de01_201306.xlsx"	"Out-Degree"			19.386207	2	4	9
"DE01"	"de01_201306.xlsx"	"Closeness"			0	0	0	0
"DE01"	"de01_201306.xlsx"	"Betweenness"			968.72001	0	.19558895	3.3187215
"DE01"	"de01_201306.xlsx"	"Eigenvalue"			-.03404873	-.03916997	-.03193815	-.02323357
"DE01"	"de01_201303.xlsx"	"In-Degree"			19.69844	2	4	10
"DE01"	"de01_201303.xlsx"	"Out-Degree"			19.69844	2	4	10
"DE01"	"de01_201303.xlsx"	"Closeness"			6.398e-14	0	0	0
"DE01"	"de01_201303.xlsx"	"Betweenness"			949.76968	0	.21808144	3.8878784
"DE01"	"de01_201303.xlsx"	"Eigenvalue"			-.03419624	-.03901495	-.03236188	-.02340824
"BIS1"	"bis1_3.xlsx"	"In-Degree"	14	30	26.193548	23.25	28	30
"BIS1"	"bis1_3.xlsx"	"Out-Degree"	14	30	26.193548	23.25	28	30
"BIS1"	"bis1_3.xlsx"	"Closeness"	.00020113	.00057737	.00050793	.00051922	.00053763	.00055395
"BIS1"	"bis1_3.xlsx"	"Betweenness"	0	7.338323	.58191253	0	.30716028	.56388646
"BIS1"	"bis1_3.xlsx"	"Eigenvalue"	.10014055	.20074461	.17791968	.16712749	.18877791	.19544626
"BIS1"	"bis1_2.xlsx"	"In-Degree"	0	30	25.064516	23	28	30
"BIS1"	"bis1_2.xlsx"	"Out-Degree"	16	29	25.064516	23	28	30
"BIS1"	"bis1_2.xlsx"	"Closeness"	0	.00054318	.00001752	0	0	0
"BIS1"	"bis1_2.xlsx"	"Betweenness"	0	9.5331165	.72085848	0	.25	.51770627
"BIS1"	"bis1_2.xlsx"	"Eigenvalue"	-.20280276	-.11636353	-.17834936	-.19463134	-.18467074	-.16786253
"BIS1"	"bis1_1.xlsx"	"In-Degree"	0	30	20.612903	4.75	28	30
"BIS1"	"bis1_1.xlsx"	"Out-Degree"	14	22	20.612903	4.75	28	30
"BIS1"	"bis1_1.xlsx"	"Closeness"	0	0	0	0	0	0
"BIS1"	"bis1_1.xlsx"	"Betweenness"	0	3.2201525	.14587668	0	0	0
"BIS1"	"bis1_1.xlsx"	"Eigenvalue"	-.19028992	-.12450955	-.17867218	-.19028992	-.19028992	-.17400174
"BR02"	"br02_20120127.xlsx"	"In-Degree"	1	101	23.715686	7	16	31
"BR02"	"br02_20120127.xlsx"	"Out-Degree"	2	99	23.715686	7	16	31
"BR02"	"br02_20120127.xlsx"	"Closeness"	4.310e-06	.0000349	.00001788	.00001782	.00001784	.00001785
"BR02"	"br02_20120127.xlsx"	"Betweenness"	0	1002.1695	55.117132	0	1.5089982	11.341371
"BR02"	"br02_20120127.xlsx"	"Eigenvalue"	.01119277	.22438663	.0846002	.04313506	.07813751	.1100823
"BR02"	"br02_20120126.xlsx"	"In-Degree"	0	89	13.735294	3	7	16
"BR02"	"br02_20120126.xlsx"	"Out-Degree"	0	79	13.735294	3	7	16
"BR02"	"br02_20120126.xlsx"	"Closeness"	0	0	0	0	0	0
"BR02"	"br02_20120126.xlsx"	"Betweenness"	0	1914.5647	74.640462	0	.61372878	8.8621323
"BR02"	"br02_20120126.xlsx"	"Eigenvalue"	0	.26912206	.07866596	.03055348	.06067946	.11524943
"BR02"	"br02_20120125.xlsx"	"In-Degree"	0	74	11.473118	2	6	15.25
"BR02"	"br02_20120125.xlsx"	"Out-Degree"	0	69	11.473118	2	6	15.25
"BR02"	"br02_20120125.xlsx"	"Closeness"	0	0	0	0	0	0
"BR02"	"br02_20120125.xlsx"	"Betweenness"	0	1672.2483	62.445482	0	.125	7.1963863
"BR02"	"br02_20120125.xlsx"	"Eigenvalue"	-.27392	0	-.07813403	-.12067529	-.05214349	-.02859765
"BR02"	"br02_20120124.xlsx"	"In-Degree"	0	96	14.643564	2	8	18.25
"BR02"	"br02_20120124.xlsx"	"Out-Degree"	1	79	14.643564	2	8	18.25
"BR02"	"br02_20120124.xlsx"	"Closeness"	0	0	0	0	0	0
"BR02"	"br02_20120124.xlsx"	"Betweenness"	0	2321.7268	79.342233	0	.53571429	9.3329651
"BR02"	"br02_20120124.xlsx"	"Eigenvalue"	-.26251825	-.00895686	-.08033602	-.10858078	-.0571611	-.03441453
"BR02"	"br02_20120123.xlsx"	"In-Degree"	0	94	14.343137	3	8.5	18
"BR02"	"br02_20120123.xlsx"	"Out-Degree"	1	82	14.343137	3	8.5	18
"BR02"	"br02_20120123.xlsx"	"Closeness"	0	0	0	0	0	0
"BR02"	"br02_20120123.xlsx"	"Betweenness"	0	2183.4038	73.476249	0	.55013454	10.611531
"BR02"	"br02_20120123.xlsx"	"Eigenvalue"	-.27444094	-.01004516	-.07990051	-.11492976	-.06545153	-.03539633
"BR02"	"br02_20120120.xlsx"	"In-Degree"	2	101	23.990196	7	16.5	32
"BR02"	"br02_20120120.xlsx"	"Out-Degree"	1	98	23.990196	7	16.5	32
"BR02"	"br02_20120120.xlsx"	"Closeness"	8.441e-07	.00197262	.00016662	.00015526	.00015651	.00015703
"BR02"	"br02_20120120.xlsx"	"Betweenness"	0	1068.2399	58.735675	0	1.1984709	13.590411
"BR02"	"br02_20120120.xlsx"	"Eigenvalue"	.00589281	.22156521	.08441032	.04498201	.07502986	.11317801
"BR02"	"br02_20120119.xlsx"	"In-Degree"	0	89	13.745098	2	7	18
"BR02"	"br02_20120119.xlsx"	"Out-Degree"	0	79	13.745098	2	7	18
"BR02"	"br02_20120119.xlsx"	"Closeness"	0	0	0	0	0	0
"BR02"	"br02_20120119.xlsx"	"Betweenness"	0	2207.1013	74.913509	0	.65635476	8.2091492
"BR02"	"br02_20120119.xlsx"	"Eigenvalue"	0	.26870472	.07801956	.02988207	.05566781	.11524978
"BR02"	"br02_20120118.xlsx"	"In-Degree"	0	90	14.178218	3	7	18.25
"BR02"	"br02_20120118.xlsx"	"Out-Degree"	0	78	14.178218	3	7	18.25
"BR02"	"br02_20120118.xlsx"	"Closeness"	0	0	0	0	0	0
"BR02"	"br02_20120118.xlsx"	"Betweenness"	0	2036.1397	76.949847	0	.40132784	8.0563402
"BR02"	"br02_20120118.xlsx"	"Eigenvalue"	-.26464598	0	-.07972151	-.11628776	-.06206417	-.0341401
"BR02"	"br02_20120117.xlsx"	"In-Degree"	0	94	14.45098	3	8	19
"BR02"	"br02_20120117.xlsx"	"Out-Degree"	1	84	14.45098	3	8	19
"BR02"	"br02_20120117.xlsx"	"Closeness"	0	0	0	0	0	0
"BR02"	"br02_20120117.xlsx"	"Betweenness"	0	2645.2537	78.05496	0	.5045306	9.9983516
"BR02"	"br02_20120117.xlsx"	"Eigenvalue"	.00594135	.26845981	.07915138	.03336539	.05812392	.11717881
"BR02"	"br02_20120116.xlsx"	"In-Degree"	0	91	14.27451	3	8	19
"BR02"	"br02_20120116.xlsx"	"Out-Degree"	0	78	14.27451	3	8	19
"BR02"	"br02_20120116.xlsx"	"Closeness"	0	0	0	0	0	0
"BR02"	"br02_20120116.xlsx"	"Betweenness"	0	1740.2517	73.743578	0	.64423766	6.3210428
"BR02"	"br02_20120116.xlsx"	"Eigenvalue"	0	.26542676	.07955855	.03509957	.06253837	.11209063
"BR01"	"br01_201212.xlsx"	"In-Degree"	0	35	4.1296296	0	2.5	6
"BR01"	"br01_201212.xlsx"	"Out-Degree"	0	31	4.1296296	0	2.5	6
"BR01"	"br01_201212.xlsx"	"Closeness"	0	0	0	0	0	0
"BR01"	"br01_201212.xlsx"	"Betweenness"	0	3001.5963	113.38534	0	.225	71.303211
"BR01"	"br01_201212.xlsx"	"Eigenvalue"	0	.40873019	.0660131	.0153108	.04986085	.0872468
"BR01"	"br01_201211.xlsx"	"In-Degree"	0	34	4.2477064	0	3	6
"BR01"	"br01_201211.xlsx"	"Out-Degree"	0	33	4.2477064	0	3	6
"BR01"	"br01_201211.xlsx"	"Closeness"	0	0	0	0	0	0
"BR01"	"br01_201211.xlsx"	"Betweenness"	0	3150.4011	127.39827	0	2.0675325	74.123837
"BR01"	"br01_201211.xlsx"	"Eigenvalue"	-.38527419	0	-.06668194	-.08755705	-.04992803	-.01818048
"BR01"	"br01_201210.xlsx"	"In-Degree"	0	35	4.3272727	0	2.5	6
"BR01"	"br01_201210.xlsx"	"Out-Degree"	0	36	4.3272727	0	2.5	6
"BR01"	"br01_201210.xlsx"	"Closeness"	0	0	0	0	0	0
"BR01"	"br01_201210.xlsx"	"Betweenness"	0	3294.8457	122.87852	0	1.7492424	71.273323
"BR01"	"br01_201210.xlsx"	"Eigenvalue"	-.37135605	0	-.06663646	-.08480859	-.04973926	-.02027514
"BR01"	"br01_201209.xlsx"	"In-Degree"	0	34	4.4444444	0	3	6
"BR01"	"br01_201209.xlsx"	"Out-Degree"	0	41	4.4444444	0	3	6
"BR01"	"br01_201209.xlsx"	"Closeness"	0	0	0	0	0	0
"BR01"	"br01_201209.xlsx"	"Betweenness"	0	3061.0884	120.09653	0	.72650104	76.86283
"BR01"	"br01_201209.xlsx"	"Eigenvalue"	0	.36397509	.06602838	.01868275	.05093031	.0801352
"BR01"	"br01_201208.xlsx"	"In-Degree"	0	34	4.5625	0	3	6
"BR01"	"br01_201208.xlsx"	"Out-Degree"	0	42	4.5625	0	3	6
"BR01"	"br01_201208.xlsx"	"Closeness"	0	0	0	0	0	0
"BR01"	"br01_201208.xlsx"	"Betweenness"	0	3229.3597	124.85541	0	1.1686508	70.654668
"BR01"	"br01_201208.xlsx"	"Eigenvalue"	-.3503953	0	-.06503843	-.08204015	-.04608732	-.01719863
"BR01"	"br01_201207.xlsx"	"In-Degree"	0	33	4.5752212	.75	3	6
"BR01"	"br01_201207.xlsx"	"Out-Degree"	0	44	4.5752212	.75	3	6
"BR01"	"br01_201207.xlsx"	"Closeness"	0	0	0	0	0	0
"BR01"	"br01_201207.xlsx"	"Betweenness"	0	3530.9944	125.12568	0	2.7175325	56.556142
"BR01"	"br01_201207.xlsx"	"Eigenvalue"	-.35668494	0	-.06562191	-.08148152	-.04842102	-.01687746
"BR01"	"br01_201206.xlsx"	"In-Degree"	0	36	4.8230088	1	3	6
"BR01"	"br01_201206.xlsx"	"Out-Degree"	0	46	4.8230088	1	3	6
"BR01"	"br01_201206.xlsx"	"Closeness"	0	0	0	0	0	0
"BR01"	"br01_201206.xlsx"	"Betweenness"	0	3623.5575	125.39835	0	1.8666667	74.097125
"BR01"	"br01_201206.xlsx"	"Eigenvalue"	0	.36431648	.06589199	.01503738	.05080524	.08665907
"BR01"	"br01_201205.xlsx"	"In-Degree"	0	37	4.826087	1	3	6
"BR01"	"br01_201205.xlsx"	"Out-Degree"	0	50	4.826087	1	3	6
"BR01"	"br01_201205.xlsx"	"Closeness"	0	0	0	0	0	0
"BR01"	"br01_201205.xlsx"	"Betweenness"	0	4006.1188	127.94663	0	1	76.300611
"BR01"	"br01_201205.xlsx"	"Eigenvalue"	-.40389817	0	-.06450402	-.08667799	-.05095726	-.01412252
"BR01"	"br01_201204.xlsx"	"In-Degree"	0	37	4.8869565	1	3	6.75
"BR01"	"br01_201204.xlsx"	"Out-Degree"	0	50	4.8869565	1	3	6.75
"BR01"	"br01_201204.xlsx"	"Closeness"	0	0	0	0	0	0
"BR01"	"br01_201204.xlsx"	"Betweenness"	0	3683.3764	121.63565	0	1.25	55.173643
"BR01"	"br01_201204.xlsx"	"Eigenvalue"	0	.39705355	.06494428	.01613231	.04895484	.08695486
"BR01"	"br01_201203.xlsx"	"In-Degree"	0	37	4.8070175	1	2	7
"BR01"	"br01_201203.xlsx"	"Out-Degree"	0	43	4.8070175	1	2	7
"BR01"	"br01_201203.xlsx"	"Closeness"	0	0	0	0	0	0
"BR01"	"br01_201203.xlsx"	"Betweenness"	0	3660.2103	120.99847	0	1.4204785	71.507839
"BR01"	"br01_201203.xlsx"	"Eigenvalue"	-.37239499	1.113e-43	-.06550211	-.09238157	-.05089187	-.01299482
"BR01"	"br01_201202.xlsx"	"In-Degree"	0	36	4.699115	1	2	6
"BR01"	"br01_201202.xlsx"	"Out-Degree"	0	39	4.699115	1	2	6
"BR01"	"br01_201202.xlsx"	"Closeness"	0	0	0	0	0	0
"BR01"	"br01_201202.xlsx"	"Betweenness"	0	3676.9456	120.22466	0	1.5	56.818258
"BR01"	"br01_201202.xlsx"	"Eigenvalue"	-.33991864	2.416e-41	-.06542207	-.09234755	-.04557528	-.01229793
"BR01"	"br01_201201.xlsx"	"In-Degree"	0	36	4.5840708	1	2	6
"BR01"	"br01_201201.xlsx"	"Out-Degree"	0	40	4.5840708	1	2	6
"BR01"	"br01_201201.xlsx"	"Closeness"	0	0	0	0	0	0
"BR01"	"br01_201201.xlsx"	"Betweenness"	0	3787.3557	127.09777	0	.98245614	111.20182
"BR01"	"br01_201201.xlsx"	"Eigenvalue"	0	.38895413	.06441128	.01008349	.04918019	.08617354
"CA01"	"ca10_032015.xlsx"	"In-Degree"	4	5	4.8333333	5	5	5
"CA01"	"ca10_032015.xlsx"	"Out-Degree"	4	5	4.8333333	5	5	5
"CA01"	"ca10_032015.xlsx"	"Closeness"	7.615e-08	2.492e-07	1.775e-07	8.823e-08	2.018e-07	2.478e-07
"CA01"	"ca10_032015.xlsx"	"Betweenness"	0	.25	.04166667	0	0	0
"CA01"	"ca10_032015.xlsx"	"Eigenvalue"	-.41935849	-.34740795	-.40736673	-.41935849	-.41935849	-.41935849
"CA01"	"ca09_022015.xlsx"	"In-Degree"	4	5	4.8333333	5	5	5
"CA01"	"ca09_022015.xlsx"	"Out-Degree"	4	5	4.8333333	5	5	5
"CA01"	"ca09_022015.xlsx"	"Closeness"	7.992e-08	2.729e-07	1.852e-07	1.121e-07	1.871e-07	2.721e-07
"CA01"	"ca09_022015.xlsx"	"Betweenness"	0	.25	.04166667	0	0	0
"CA01"	"ca09_022015.xlsx"	"Eigenvalue"	-.41935849	-.34740795	-.40736673	-.41935849	-.41935849	-.41935849
"CA01"	"ca08_012015.xlsx"	"In-Degree"	5	5	5	5	5	5
"CA01"	"ca08_012015.xlsx"	"Out-Degree"	5	5	5	5	5	5
"CA01"	"ca08_012015.xlsx"	"Closeness"	1.281e-07	2.901e-07	2.236e-07	1.854e-07	2.289e-07	2.802e-07
"CA01"	"ca08_012015.xlsx"	"Betweenness"	0	0	0	0	0	0
"CA01"	"ca08_012015.xlsx"	"Eigenvalue"	-.40824829	-.40824829	-.40824829	-.40824829	-.40824829	-.40824829
"CA01"	"ca07_122014.xlsx"	"In-Degree"	4	5	4.8333333	5	5	5
"CA01"	"ca07_122014.xlsx"	"Out-Degree"	4	5	4.8333333	5	5	5
"CA01"	"ca07_122014.xlsx"	"Closeness"	7.457e-08	3.051e-07	2.027e-07	1.333e-07	2.127e-07	2.777e-07
"CA01"	"ca07_122014.xlsx"	"Betweenness"	0	.25	.04166667	0	0	0
"CA01"	"ca07_122014.xlsx"	"Eigenvalue"	-.41935849	-.34740795	-.40736673	-.41935849	-.41935849	-.41935849
"CA01"	"ca06_112014.xlsx"	"In-Degree"	5	5	5	5	5	5
"CA01"	"ca06_112014.xlsx"	"Out-Degree"	5	5	5	5	5	5
"CA01"	"ca06_112014.xlsx"	"Closeness"	7.459e-08	2.448e-07	1.720e-07	1.203e-07	1.848e-07	2.225e-07
"CA01"	"ca06_112014.xlsx"	"Betweenness"	0	0	0	0	0	0
"CA01"	"ca06_112014.xlsx"	"Eigenvalue"	-.40824829	-.40824829	-.40824829	-.40824829	-.40824829	-.40824829
"CA01"	"ca05_102014.xlsx"	"In-Degree"	5	5	5	5	5	5
"CA01"	"ca05_102014.xlsx"	"Out-Degree"	5	5	5	5	5	5
"CA01"	"ca05_102014.xlsx"	"Closeness"	5.745e-08	2.968e-07	1.873e-07	1.410e-07	1.881e-07	2.522e-07
"CA01"	"ca05_102014.xlsx"	"Betweenness"	0	0	0	0	0	0
"CA01"	"ca05_102014.xlsx"	"Eigenvalue"	-.40824829	-.40824829	-.40824829	-.40824829	-.40824829	-.40824829
"CA01"	"ca04_092014.xlsx"	"In-Degree"	5	5	5	5	5	5
"CA01"	"ca04_092014.xlsx"	"Out-Degree"	5	5	5	5	5	5
"CA01"	"ca04_092014.xlsx"	"Closeness"	7.013e-08	2.741e-07	1.735e-07	1.007e-07	1.937e-07	2.089e-07
"CA01"	"ca04_092014.xlsx"	"Betweenness"	0	0	0	0	0	0
"CA01"	"ca04_092014.xlsx"	"Eigenvalue"	-.40824829	-.40824829	-.40824829	-.40824829	-.40824829	-.40824829
"CA01"	"ca03_082014.xlsx"	"In-Degree"	4	5	4.6666667	4	5	5
"CA01"	"ca03_082014.xlsx"	"Out-Degree"	3	5	4.6666667	4	5	5
"CA01"	"ca03_082014.xlsx"	"Closeness"	8.148e-08	2.226e-07	1.561e-07	1.057e-07	1.606e-07	2.057e-07
"CA01"	"ca03_082014.xlsx"	"Betweenness"	0	.66666667	.11111111	0	0	0
"CA01"	"ca03_082014.xlsx"	"Eigenvalue"	.27745087	.42965591	.40428841	.42965591	.42965591	.42965591
"CA01"	"ca02_072014.xlsx"	"In-Degree"	5	5	5	5	5	5
"CA01"	"ca02_072014.xlsx"	"Out-Degree"	5	5	5	5	5	5
"CA01"	"ca02_072014.xlsx"	"Closeness"	7.006e-08	3.238e-07	1.843e-07	1.213e-07	1.953e-07	2.003e-07
"CA01"	"ca02_072014.xlsx"	"Betweenness"	0	0	0	0	0	0
"CA01"	"ca02_072014.xlsx"	"Eigenvalue"	-.40824829	-.40824829	-.40824829	-.40824829	-.40824829	-.40824829
"CA01"	"ca01_062014.xlsx"	"In-Degree"	5	5	5	5	5	5
"CA01"	"ca01_062014.xlsx"	"Out-Degree"	5	5	5	5	5	5
"CA01"	"ca01_062014.xlsx"	"Closeness"	9.181e-08	3.036e-07	1.831e-07	1.189e-07	1.759e-07	2.326e-07
"CA01"	"ca01_062014.xlsx"	"Betweenness"	0	0	0	0	0	0
"CA01"	"ca01_062014.xlsx"	"Eigenvalue"	-.40824829	-.40824829	-.40824829	-.40824829	-.40824829	-.40824829
